{
	"format_version": "1.8.0",
	"animations": {
		"animation.mahoraga.mahoidle": {
			"loop": true,
			"animation_length": 1,
			"bones": {
				"LeftLeg": {
					"rotation": {
						"0.0": {
							"vector": [-25.74299, -25.57803, -10.42247]
						},
						"1.0": {
							"vector": [-25.74299, -25.57803, -10.42247]
						}
					},
					"position": {
						"0.0": {
							"vector": [0, 0, 0]
						},
						"0.5": {
							"vector": [0, -1, 0]
						},
						"1.0": {
							"vector": [0, 0, 0]
						}
					}
				},
				"LeftLeg2": {
					"rotation": {
						"0.0": {
							"vector": [22.92961, 14.68713, 16.92705]
						},
						"1.0": {
							"vector": [22.92961, 14.68713, 16.92705]
						}
					}
				},
				"RightLeg": {
					"rotation": {
						"0.0": {
							"vector": [-25.74299, 25.57803, 10.42247]
						},
						"1.0": {
							"vector": [-25.74299, 25.57803, 10.42247]
						}
					},
					"position": {
						"0.0": {
							"vector": [0, 0, 0]
						},
						"0.5": {
							"vector": [0, -1, 0]
						},
						"1.0": {
							"vector": [0, 0, 0]
						}
					}
				},
				"RightLeg2": {
					"rotation": {
						"0.0": {
							"vector": [22.92961, -14.68713, -16.92705]
						},
						"1.0": {
							"vector": [22.92961, -14.68713, -16.92705]
						}
					}
				},
				"LeftArm": {
					"rotation": {
						"0.0": {
							"vector": [0, 0, -15]
						},
						"0.5": {
							"vector": [0, 0, -22.5]
						},
						"1.0": {
							"vector": [0, 0, -15]
						}
					}
				},
				"LeftArm2": {
					"rotation": {
						"0.0": {
							"vector": [-36.54514, 9.06524, 12.0012]
						},
						"1.0": {
							"vector": [-36.54514, 9.06524, 12.0012]
						}
					}
				},
				"LeftHand": {
					"rotation": {
						"0.0": {
							"vector": [0, 0, 22.5]
						},
						"1.0": {
							"vector": [0, 0, 22.5]
						}
					}
				},
				"RightArm": {
					"rotation": {
						"0.0": {
							"vector": [0, 0, 15]
						},
						"0.5": {
							"vector": [0, 0, 22.5]
						},
						"1.0": {
							"vector": [0, 0, 15]
						}
					}
				},
				"RightArm2": {
					"rotation": {
						"0.0": {
							"vector": [-36.54514, -9.06524, -12.0012]
						},
						"1.0": {
							"vector": [-36.54514, -9.06524, -12.0012]
						}
					}
				},
				"RightHand": {
					"rotation": {
						"0.0": {
							"vector": [0, 0, -22.5]
						},
						"1.0": {
							"vector": [0, 0, -22.5]
						}
					}
				},
				"Body": {
					"rotation": {
						"0.0": {
							"vector": [7.5, 0, 0]
						},
						"1.0": {
							"vector": [7.5, 0, 0]
						}
					},
					"position": {
						"0.0": {
							"vector": [0, -2, 0]
						},
						"0.5": {
							"vector": [0, -1, 0]
						},
						"1.0": {
							"vector": [0, -2, 0]
						}
					}
				},
				"Head": {
					"rotation": {
						"0.0": {
							"vector": [-5, 0, 0]
						},
						"0.5": {
							"vector": [-15, 0, 0]
						},
						"1.0": {
							"vector": [-5, 0, 0]
						}
					}
				},
				"Tail": {
					"rotation": {
						"0.0": {
							"vector": [0, 0, 0]
						},
						"0.5": {
							"vector": [12.5, 0, 0]
						},
						"1.0": {
							"vector": [0, 0, 0]
						}
					}
				},
				"Tail2": {
					"rotation": {
						"0.0": {
							"vector": [0, 0, 0]
						},
						"0.5417": {
							"vector": [5, 0, 0]
						},
						"1.0": {
							"vector": [0, 0, 0]
						}
					}
				},
				"Tail3": {
					"rotation": {
						"0.0": {
							"vector": [0, 0, 0]
						},
						"0.5417": {
							"vector": [5, 0, 0]
						},
						"1.0": {
							"vector": [0, 0, 0]
						}
					}
				},
				"Wheel": {
					"rotation": {
						"0.0": {
							"vector": [0, 0, 0]
						},
						"0.5": {
							"vector": [0, -135, 0]
						},
						"1.0": {
							"vector": [0, -270, 0]
						}
					},
					"position": {
						"0.0": {
							"vector": [0, 1, 0]
						},
						"1.0": {
							"vector": [0, 1, 0]
						}
					}
				}
			}
		},
		"animation.mahoraga.mahoattack": {
			"animation_length": 1.25,
			"bones": {
				"LeftLeg": {
					"rotation": {
						"0.0": {
							"vector": [-25.74299, -25.57803, -10.42247]
						},
						"0.2917": {
							"vector": [-28.44286, -2.2077, -8.43533]
						},
						"0.4167": {
							"vector": [-28.44286, -2.2077, -8.43533]
						},
						"0.5833": {
							"vector": [9.25701, -25.57803, -10.42247]
						},
						"0.875": {
							"vector": [9.25701, -25.57803, -10.42247]
						},
						"1.25": {
							"vector": [-25.74299, -25.57803, -10.42247]
						}
					},
					"position": {
						"0.0": {
							"vector": [0, 0, 0]
						},
						"0.5833": {
							"vector": [0, 0, 0]
						},
						"0.875": {
							"vector": [0, 0, 0]
						},
						"1.25": {
							"vector": [0, 0, 0]
						}
					}
				},
				"LeftLeg2": {
					"rotation": {
						"0.0": {
							"vector": [22.92961, 14.68713, 16.92705]
						},
						"0.2917": {
							"vector": [22.19157, -3.81024, 9.25249]
						},
						"0.4167": {
							"vector": [22.19157, -3.81024, 9.25249]
						},
						"0.5": {
							"vector": [71.31059, 5.43844, 13.08977]
						},
						"0.5833": {
							"vector": [0.42961, 14.68713, 16.92705]
						},
						"0.875": {
							"vector": [0.42961, 14.68713, 16.92705]
						},
						"1.25": {
							"vector": [22.92961, 14.68713, 16.92705]
						}
					}
				},
				"RightLeg": {
					"rotation": {
						"0.0": {
							"vector": [-25.74299, 25.57803, 10.42247]
						},
						"0.2917": {
							"vector": [-3.24299, 25.57803, 10.42247]
						},
						"0.4167": {
							"vector": [-3.24299, 25.57803, 10.42247]
						},
						"0.5833": {
							"vector": [-25.74299, 25.57803, 10.42247]
						},
						"0.875": {
							"vector": [-25.74299, 25.57803, 10.42247]
						},
						"1.25": {
							"vector": [-25.74299, 25.57803, 10.42247]
						}
					},
					"position": {
						"0.0": {
							"vector": [0, 0, 0]
						},
						"0.5833": {
							"vector": [0, 0, 0]
						},
						"0.875": {
							"vector": [0, 0, 0]
						},
						"1.25": {
							"vector": [0, 0, 0]
						}
					}
				},
				"RightLeg2": {
					"rotation": {
						"0.0": {
							"vector": [22.92961, -14.68713, -16.92705]
						},
						"0.1667": {
							"vector": [81.85818, -14.68713, -16.92705]
						},
						"0.2917": {
							"vector": [55.42961, -14.68713, -16.92705]
						},
						"0.4167": {
							"vector": [55.42961, -14.68713, -16.92705]
						},
						"0.5833": {
							"vector": [22.92961, -14.68713, -16.92705]
						},
						"0.875": {
							"vector": [22.92961, -14.68713, -16.92705]
						},
						"1.25": {
							"vector": [22.92961, -14.68713, -16.92705]
						}
					}
				},
				"LeftArm": {
					"rotation": {
						"0.0": {
							"vector": [0, 0, -15]
						},
						"0.2917": {
							"vector": [-45, 0, -37.5]
						},
						"0.4167": {
							"vector": [-45, 0, -37.5]
						},
						"0.5833": {
							"vector": [0, 0, -15]
						},
						"0.875": {
							"vector": [0, 0, -15]
						},
						"1.25": {
							"vector": [0, 0, -15]
						}
					}
				},
				"LeftArm2": {
					"rotation": {
						"0.0": {
							"vector": [-36.54514, 9.06524, 12.0012]
						},
						"0.2917": {
							"vector": [-27.40216, 26.66839, 40.88579]
						},
						"0.4167": {
							"vector": [-27.40216, 26.66839, 40.88579]
						},
						"0.5833": {
							"vector": [-36.54514, 9.06524, 12.0012]
						},
						"0.875": {
							"vector": [-36.54514, 9.06524, 12.0012]
						},
						"1.25": {
							"vector": [-36.54514, 9.06524, 12.0012]
						}
					}
				},
				"LeftHand": {
					"rotation": {
						"0.0": {
							"vector": [0, 0, 22.5]
						},
						"0.2917": {
							"vector": [0, 0, 45]
						},
						"0.4167": {
							"vector": [0, 0, 45]
						},
						"0.5833": {
							"vector": [0, 0, 22.5]
						},
						"0.875": {
							"vector": [0, 0, 22.5]
						},
						"1.25": {
							"vector": [0, 0, 22.5]
						}
					}
				},
				"RightArm": {
					"rotation": {
						"0.0": {
							"vector": [0, 0, 15]
						},