{
	"format_version": "1.8.0",
	"animations": {
		"hollowpurple": {
			"animation_length": 2.33333,
			"bones": {
				"head": {
					"rotation": {
						"vector": [2.5, 0, 0]
					}
				},
				"right_arm": {
					"rotation": {
						"0.0": {
							"vector": [-101.80868, -31.94715, 6.31274]
						},
						"0.7083": {
							"vector": [-137.84957, -52.51561, 10.29864]
						},
						"1.4583": {
							"vector": [-148.37579, -14.87215, 4.28847]
						},
						"1.7917": {
							"vector": [-80.91025, -4.83813, 11.24448]
						}
					},
					"position": {
						"0.0": {
							"vector": [-1, 0, -1]
						},
						"1.7917": {
							"vector": [0, 0, -2]
						}
					}
				},
				"left_arm": {
					"rotation": {
						"0.0": {
							"vector": [-79.88443, 40.84182, 26.744]
						},
						"0.4583": {
							"vector": [-73.31487, 59.76341, 34.75744]
						},
						"1.1667": {
							"vector": [-74.40883, 60.37228, 33.72331]
						}
					},
					"position": {
						"0.0": {
							"vector": [2, 0, -1]
						},
						"1.1667": {
							"vector": [2, 0, -2]
						}
					}
				},
				"right_leg": {
					"rotation": {
						"0.0": {
							"vector": [0, 0, 10]
						},
						"1.1667": {
							"vector": [5, 0, 10]
						}
					}
				},
				"left_leg": {
					"rotation": {
						"0.0": {
							"vector": [0, 0, -10]
						},
						"1.1667": {
							"vector": [-5, 0, -10]
						}
					}
				}
			}
		}
	}
}